-- phpMyAdmin SQL Dump
-- version 4.8.4
-- https://www.phpmyadmin.net/
--
-- Host: 127.0.0.1
-- Generation Time: Apr 24, 2019 at 02:43 PM
-- Server version: 10.1.37-MariaDB
-- PHP Version: 7.3.1

SET SQL_MODE = "NO_AUTO_VALUE_ON_ZERO";
SET AUTOCOMMIT = 0;
START TRANSACTION;
SET time_zone = "+00:00";


/*!40101 SET @OLD_CHARACTER_SET_CLIENT=@@CHARACTER_SET_CLIENT */;
/*!40101 SET @OLD_CHARACTER_SET_RESULTS=@@CHARACTER_SET_RESULTS */;
/*!40101 SET @OLD_COLLATION_CONNECTION=@@COLLATION_CONNECTION */;
/*!40101 SET NAMES utf8mb4 */;

--
-- Database: `cooking`
--

-- --------------------------------------------------------

--
-- Table structure for table `categories`
--

CREATE TABLE `categories` (
  `id` bigint(20) UNSIGNED NOT NULL,
  `name` varchar(191) COLLATE utf8mb4_unicode_ci NOT NULL,
  `created_at` timestamp NULL DEFAULT NULL,
  `updated_at` timestamp NULL DEFAULT NULL
) ENGINE=InnoDB DEFAULT CHARSET=utf8mb4 COLLATE=utf8mb4_unicode_ci;

-- --------------------------------------------------------

--
-- Table structure for table `comments`
--

CREATE TABLE `comments` (
  `id` int(10) UNSIGNED NOT NULL,
  `user_id` int(10) UNSIGNED NOT NULL,
  `parent_id` int(10) UNSIGNED DEFAULT NULL,
  `body` text COLLATE utf8mb4_unicode_ci NOT NULL,
  `commentable_id` int(10) UNSIGNED NOT NULL,
  `commentable_type` varchar(191) COLLATE utf8mb4_unicode_ci NOT NULL,
  `created_at` timestamp NULL DEFAULT NULL,
  `updated_at` timestamp NULL DEFAULT NULL
) ENGINE=InnoDB DEFAULT CHARSET=utf8mb4 COLLATE=utf8mb4_unicode_ci;

--
-- Dumping data for table `comments`
--

INSERT INTO `comments` (`id`, `user_id`, `parent_id`, `body`, `commentable_id`, `commentable_type`, `created_at`, `updated_at`) VALUES
(1, 2, NULL, 'น่าสนใจจัง', 21, 'App\\post', '2019-04-24 00:16:50', '2019-04-24 00:16:50'),
(2, 2, 1, 'ขอบคุณค่ะ', 21, 'App\\post', '2019-04-24 00:17:51', '2019-04-24 00:17:51'),
(3, 1, 2, 'ชอบเร่งเครื่องป่าว', 21, 'App\\post', '2019-04-24 00:50:58', '2019-04-24 00:50:58'),
(4, 1, NULL, 'อร่อย', 21, 'App\\post', '2019-04-24 01:17:39', '2019-04-24 01:17:39');

-- --------------------------------------------------------

--
-- Table structure for table `likes`
--

CREATE TABLE `likes` (
  `id` int(10) UNSIGNED NOT NULL,
  `userlike_id` int(11) NOT NULL,
  `postlike_id` int(11) NOT NULL,
  `created_at` timestamp NULL DEFAULT NULL,
  `updated_at` timestamp NULL DEFAULT NULL
) ENGINE=InnoDB DEFAULT CHARSET=utf8mb4 COLLATE=utf8mb4_unicode_ci;

-- --------------------------------------------------------

--
-- Table structure for table `migrations`
--

CREATE TABLE `migrations` (
  `id` int(10) UNSIGNED NOT NULL,
  `migration` varchar(191) COLLATE utf8mb4_unicode_ci NOT NULL,
  `batch` int(11) NOT NULL
) ENGINE=InnoDB DEFAULT CHARSET=utf8mb4 COLLATE=utf8mb4_unicode_ci;

--
-- Dumping data for table `migrations`
--

INSERT INTO `migrations` (`id`, `migration`, `batch`) VALUES
(1, '2014_10_12_000000_create_users_table', 1),
(2, '2014_10_12_100000_create_password_resets_table', 1),
(3, '2019_03_21_153107_create_posts_table', 1),
(4, '2019_03_28_050538_create_categories_table', 1),
(5, '2019_04_07_151736_create_comments_table', 1),
(6, '2019_04_19_095933_create_like_table', 1);

-- --------------------------------------------------------

--
-- Table structure for table `password_resets`
--

CREATE TABLE `password_resets` (
  `email` varchar(191) COLLATE utf8mb4_unicode_ci NOT NULL,
  `token` varchar(191) COLLATE utf8mb4_unicode_ci NOT NULL,
  `created_at` timestamp NULL DEFAULT NULL
) ENGINE=InnoDB DEFAULT CHARSET=utf8mb4 COLLATE=utf8mb4_unicode_ci;

-- --------------------------------------------------------

--
-- Table structure for table `posts`
--

CREATE TABLE `posts` (
  `id` bigint(20) UNSIGNED NOT NULL,
  `user_id` int(11) NOT NULL,
  `title` varchar(191) COLLATE utf8mb4_unicode_ci NOT NULL,
  `equipment` longtext COLLATE utf8mb4_unicode_ci NOT NULL,
  `garnish` longtext COLLATE utf8mb4_unicode_ci NOT NULL,
  `body` longtext COLLATE utf8mb4_unicode_ci NOT NULL,
  `image` varchar(191) COLLATE utf8mb4_unicode_ci DEFAULT NULL,
  `category` varchar(191) COLLATE utf8mb4_unicode_ci DEFAULT NULL,
  `created_at` timestamp NULL DEFAULT NULL,
  `updated_at` timestamp NULL DEFAULT NULL
) ENGINE=InnoDB DEFAULT CHARSET=utf8mb4 COLLATE=utf8mb4_unicode_ci;

--
-- Dumping data for table `posts`
--

INSERT INTO `posts` (`id`, `user_id`, `title`, `equipment`, `garnish`, `body`, `image`, `category`, `created_at`, `updated_at`) VALUES
(21, 2, 'ช็อกโกแลตสมูทตี้', 'ไม่ระบุ', '1. ผงโกโก้	4	ช้อนโต๊ะ\r\n2. น้ำร้อน	50	มิลลิลิตร\r\n3. นมสด	150	มิลลิลิตร\r\n4. กล้วยหอม	1	ลูก\r\n5. ไอศกรีมช็อกโกแลต	1	ลูก\r\n6. ช็อกโกแลตแท่ง	ตามชอบ\r\n7. น้ำแข็ง 1 แก้ว\r\n8. ช็อกโกแลตละลาย	100	กรัม\r\n9. อัลมอนด์สับหยาบ	70	กรัม ', 'STEP 1 : เตรียมแก้ว\r\n- เอาแก้วจุ่มลงไปในช็อกโกแลตละลาย แล้วยกขึ้น โรยอัลมอนด์สับหยาบลงไปให้ทั่วขอบแก้ว นำเข้าแช่ช่องฟรีซ 10 นาทีให้แข็งตัว\r\nTIP : แก้วที่นำมาจุ่มช็อกโกแลตควรเย็น เพื่อจะให้ช็อกโกแลตเซตตัวที่ขอบแก้วทันที\r\n\r\nSTEP 2 : ปั่นน้ำ + จัดเสิร์ฟ\r\n- นำผงโกโก้ใส่ในน้ำร้อน คนให้เข้ากันจนละลาย แล้วพักไว้\r\n- ใส่น้ำแข็งลงไปในเครื่องปั่น ตามด้วยนมสด น้ำโกโก้ที่ชงไว้ และกล้วยหอม ปั่นจนละเอียดและเนื้อเนียนกลายเป็นสมูทตี\r\n- นำแก้วที่เตรียมไว้ออกจากตู้ฟรีซ ตักสมูทตี้ลงไป ตามด้วยไอศกรีมช็อกโกแลต ท้ายสุดตกแต่งด้วยช็อกโกแลตแท่งให้สวยงาม พร้อมเสิร์ฟค่ะ', '1.jpg', 'เครื่องดื่ม', '2019-04-23 20:19:48', '2019-04-23 20:19:48'),
(22, 2, 'น้ำสมุนไพรโซดาสามรส', 'ไม่ระบุ', 'วัตถุดิบน้ำมะตูม\r\n1. มะตูมตากแห้ง	100	กรัม\r\n2. น้ำเปล่า	500	มิลลิลิตร\r\n3. โซดา	150	มิลลิลิตร\r\n4. น้ำเชื่อม	2	ช้อนโต๊ะ (ตามชอบ)\r\n5. เกลือ	¼	ช้อนชา\r\n6. น้ำแข็ง	1	แก้ว\r\n\r\nวัตถุดิบน้ำอัญชัน\r\n1. ดอกอัญชันตากแห้ง	30	กรัม\r\n2. น้ำเปล่า	500	มิลลิลิตร\r\n3. โซดา	150	มิลลิลิตร\r\n4. น้ำเชื่อม	2	ช้อนโต๊ะ (ตามชอบ)\r\n5. เกลือ	¼	ช้อนชา\r\n6. น้ำมะนาว	1	ช้อนชา\r\n7. น้ำแข็ง	1	แก้ว\r\n\r\nวัตถุดิบน้ำกระเจี๊ยบ\r\n1. กระเจี๊ยบตากแห้ง	50	กรัม\r\n2. น้ำเปล่า	500	มิลลิลิตร\r\n3. โซดา	150	มิลลิลิตร\r\n4. น้ำเชื่อม	2	ช้อนโต๊ะ (ตามชอบ)\r\n5. เกลือ	¼	ช้อนชา\r\n6. น้ำแข็ง	1	แก้ว', 'STEP 1 : เตรียมน้ำดอกอัญชัน + จัดเสิร์ฟ\r\n- ต้มน้ำดอกอัญชันโดยการนำหม้อขึ้นตั้งไฟปานกลาง เทน้ำเปล่าลงไป ใส่ดอกอัญชันตากแห้งลงไป ต้มจนเดือดพอ 3 นาทีแล้ว เอากระชอนตักดอกอัญชันออก ปิดไฟและยกออกพักไว้\r\n- นำน้ำดอกอัญชันใส่แก้วที่เตรียมไว้ จากนั้นใส่เกลือลงไป คนให้เข้ากันแล้วพักไว้\r\n- ใส่โซดาลงไปในแก้วที่ใส่น้ำแข็ง ตามด้วยน้ำเชื่อม และน้ำดอกอัญชัน และใส่น้ำมะนาวลงไป พร้อมเสิร์ฟ\r\nTIP : พอใส่น้ำมะนาวลงไป น้ำอัญชันจะเปลี่ยนสีจากน้ำเงินเป็นม่วง เนื่องจากกรดทำปฏิกิริยากับสีน้ำเงินค่ะ\r\n\r\nSTEP 2 : เตรียมน้ำกระเจี๊ยบ และน้ำมะตูม\r\n- จากนั้นทำน้ำกระเจี๊ยบ และน้ำมะตูมด้วยวิธีเดียวกันกับน้ำดอกอัญชันเลยค่ะ เท่านี้ก็ได้น้ำสมุนไพรสามรสแล้วค่ะ', '2.jpg', 'เครื่องดื่ม', '2019-04-23 20:29:33', '2019-04-23 20:29:33'),
(23, 2, 'โยเกิร์ตปั่นเจลลีผลไม้', 'ไม่ระบุ', '1. โยเกิร์ต 2 ถ้วย\r\n2. เจลลีผลไม้รวม ตามชอบ \r\n3. น้ำเชื่อม 1 ช้อนโต๊ะ \r\n4. สตรอว์เบอร์รี ตามชอบ\r\n5. บลูเบอร์รี ตามชอบ\r\n6. ใบสะระแหน่ สำหรับตกแต่ง ', 'STEP 1 : ทำโยเกิร์ตแช่แข็ง\r\n- เทโยเกิร์ตใส่พิมพ์ และนำไปแช่แข็ง 1 ชั่วโมงให้เซตตัว \r\n\r\nSTEP 2 : ปั่น\r\n- นำโยเกิร์ตแช่แข็งมาปั่นจนละเอียด\r\n- ใส่เจลลีผลไม้รวมลงไป ปั่นพอหยาบ \r\n\r\nSTEP 3 : ประกอบร่าง\r\n- เทโยเกิร์ตปั่นใส่แก้ว  ตกแต่งด้วยเจลลีผลไม้รวม สตรอว์เบอร์รี บลูเบอร์รี และใบสะระแหน่\r\n- พร้อมเสิร์ฟความฟินจ้า', '3.jpg', 'เครื่องดื่ม', '2019-04-23 20:32:45', '2019-04-23 20:32:45'),
(24, 2, 'สาคูแคนตาลูปน้ำมะพร้าวปั่น', 'ไม่ระบุ', '1. Cocomax น้ำมะพร้าวผสมน้ำมะพร้าวปั่น 1 ขวด ( 350 มิลลิลิตร )\r\n2. สาคูเม็ดเล็ก ½ ถ้วย \r\n3. น้ำเปล่า 250 มิลลิลิตร \r\n4. น้ำตาลทราย 50 กรัม \r\n5. แคนตาลูป ตามชอบ', 'STEP 1 : เตรียมน้ำมะพร้าวปั่น\r\n- นำ Cocomax น้ำมะพร้าวผสมน้ำมะพร้าวปั่น ไปแช่ในช่องแช่แข็ง 1 ชั่วโมง \r\n\r\nSTEP 2 : ต้มสาคู\r\n- นำหม้อขึ้นตั้งไฟเบาเทน้ำเปล่าลงไป ตามด้วยสาคูเม็ดเล็ก ต้มจนเดือด และคนไปเรื่อย ๆ จนสาคูสุก\r\nTIP : วิธีดูว่าสาคูสุก คือเนื้อสาคูจะใสค่ะ\r\n- ใส่น้ำตาลลงไป คนจนละลาย จากนั้นยกออกจากเตา\r\n- ตักสาคูใส่ถ้วย ⅓ ของถ้วยเสิร์ฟ และทิ้งไว้อุณหภูมิห้องให้เซตตัว ประมาณ 15 นาที \r\n\r\nSTEP 3 : ประกอบร่าง\r\n- นำ Cocomax น้ำมะพร้าวผสมน้ำมะพร้าวปั่น ที่แช่แข็งไว้ มาเขย่า และเทลงถ้วยสาคู\r\n- ตักแคนตาลูปลงไป ตกแต่งด้วยใบสะระแหน่ พร้อมเสิร์ฟ', '4.jpg', 'เครื่องดื่ม', '2019-04-23 20:35:18', '2019-04-23 20:35:18'),
(25, 2, 'มะพร้าวสมูทตี้', 'ไม่ระบุ', '1. น้ำมะพร้าว 200 มิลลิลิตร\r\n2. นมข้นหวาน ตรามะลิ 50 กรัม\r\n3. นมข้นจืด ตรามะลิ โปรเฟสชั่นแนล 100 มิลลิลิตร\r\n4. น้ำแข็ง 150 กรัม', 'STEP 1 : ปั่นน้ำ + จัดเสิร์ฟ\r\n- เทน้ำมะพร้าวลงไปในโถปั่น ตามด้วยนมข้นหวาน ตรามะลิ, นมข้นจืด ตรามะลิ โปรเฟสชั่นแนล และน้ำแข็ง ปั่นด้วยความเร็วปานกลางเป็นเวลา 30 วินาที\r\n- เทใส่ลูกมะพร้าวที่เตรียมไว้ ตกแต่งด้วยดอกกล้วยไม้สีม่วง พร้อมเสิร์ฟค่ะ', '5.jpg', 'เครื่องดื่ม', '2019-04-23 20:40:32', '2019-04-23 20:40:32'),
(26, 2, 'ยูนิคอร์นเฟรปเป้', 'ไม่ระบุ', '1. นมข้นจืด ตรามะลิ โปรเฟสชั่นแนล 4 ช้อนโต๊ะ\r\n2. นมสด ½ ถ้วยตวง\r\n3. น้ำหวานเข้มข้น กลิ่นสละ 2 ช้อนโต๊ะ\r\n4. นมข้นหวาน ตรามะลิ Mali Easy Squeeze 5 ช้อนโต๊ะ\r\n5. น้ำแข็ง 3 ถ้วยตวง\r\n6. ไอศกรีมวานิลลา 2 ลูก\r\n7. น้ำอัญชัน 1 ½ ช้อนโต๊ะ\r\n8. สีผสมอาหารสีชมพู ⅛ ช้อนชา\r\n9. สีผสมอาหารสีฟ้า ⅛ ช้อนชา\r\n10. ไวท์ช็อกโกแลต 100 กรัม\r\n11. วิปครีมตกแต่ง\r\n12. ขนมตกแต่งตามใจชอบ', 'STEP 1 : เตรียมน้ำ\r\n- เริ่มจากทำส่วนสีฟ้ากันก่อน ใส่น้ำอัญชัน, ไอศกรีมวานิลลา 1 ลูก, น้ำแข็ง 1 ½ ถ้วยตวง, นมสด ¼ ถ้วยตวง นมข้นจืด ตรามะลิ โปรเฟสชั่นแนล 2 ช้อนโต๊ะ และนมข้นหวาน ตรามะลิ Mali Easy Squeeze 3 ช้อนโต๊ะ ปั่นรวมกันจนเนียนดีแล้วพักไว้\r\n- ทำส่วนสีชมพูต่อ ใส่น้ำหวานเข้มข้น กลิ่นสละ, ไอศกรีมวานิลลา 1 ลูก, น้ำแข็ง 1 ½ ถ้วยตวง, นมข้นหวาน ตรามะลิ Mali Easy Squeeze 2 ช้อนโต๊ะ, นมสด ¼ ถ้วยตวง และ นมข้นจืด ตรามะลิ โปรเฟสชั่นแนล 2 ช้อนโต๊ะ จากนั้นปั่นรวมกันจนเนียนดี\r\n\r\nSTEP 2 : เตรียมไวท์ช็อกโกแลต + จัดเสิร์ฟ\r\n- ละลายไวท์ช็อกโกแลต แบ่งออกเป็น 2 ถ้วย ถ้วยละ 50 กรัม ใส่สีผสมอาหารสีฟ้าและชมพูลงไปในแต่ละถ้วย คนจนเข้ากัน\r\n- นำถ้วยปากกว้างมาใส่ช็อกโกแลตสีชมพู 1 ข้าง สีฟ้า 1 ข้าง แล้วเอาปากแก้วจุ่มลงไป\r\n- ตักมิลค์เชคส่วนสีชมพูกับฟ้าสลับกัน บีบวิปครีมด้านบน ตกแต่งด้วยขนมต่าง ๆ จัดเสิร์ฟได้เลยค่า', '6.jpg', 'เครื่องดื่ม', '2019-04-23 20:44:27', '2019-04-23 20:44:27'),
(27, 2, 'ม็อกเทลเลมอนมินต์', 'ไม่ระบุ', '1. เลมอนเหลือง 1 ลูก\r\n2. ใบสะระแหน่ (เด็ดเป็นใบ)\r\n3. น้ำแข็ง\r\n4. น้ำอัดลมกลิ่นเลมอน\r\n5. เชคเกอร์', 'STEP 1 : เตรียมน้ำ + จัดเสิร์ฟ\r\n- หั่นเลมอนเหลืองเป็นชิ้น ๆ บีบน้ำเลมอนลงในอ่างผสมพร้อมเปลือก ตามด้วยใส่ใบสะระแหน่ลงไป จากนั้นใช้ไม้ บดส่วนผสมให้เข้ากัน \r\n- เทส่วนผสมเฉพาะของเหลวลงในเชคเกอร์ ใส่น้ำแข็งตามลงไปแล้วเขย่าให้เข้ากัน เทส่วนผสมใส่ลงในแก้วที่มีน้ำแข็งเตรียมไว้ ประมาณ 1/2 แก้ว ตามด้วยน้ำอัดลมกลิ่นเลมอนจนเกือบเต็ม ใส่เลมอนเหลืองฝานเป็นชิ้นบางลงในแก้ว แต่งใบสะระแหน่ให้สวยงาม พร้อมดื่ม', '7.jpg', 'เครื่องดื่ม', '2019-04-23 20:54:51', '2019-04-23 20:54:51'),
(28, 2, 'ช็อกโกแลตร้อน ใส่โอรีโอ้กับมาร์ชเมลโล่', 'ไม่ระบุ', '1. นมสด 2 ถ้วยตวง\r\n2. โกโก้ร้อน 1/2 ถ้วยตวง\r\n3. คุกกี้รสช็อกโกแลตบด 1/4 ถ้วยตวง\r\n4. มาร์ชเมลโล่ 1/4 ถ้วยตวง\r\n5. วิปปิ้งครีม ตามใจชอบ\r\n6. คุกกี้รสช็อกโกแลต ตามใจชอบ\r\n7. มาร์ชเมลโล่ ตามใจชอบ', 'STEP 1 : เตรียมน้ำ + จัดเสิร์ฟ\r\n- นำนมสดขึ้นตั้งไฟพออุ่น\r\n- ใส่โกโก้ร้อน คุกกี้รสช็อกโกแลตบด และมาร์ชเมลโล่ลงไป คนให้เข้ากัน\r\n- รินใส่แก้วสำหรับเสิร์ฟ แต่งด้วยวิปปิ้งครีม มาร์ชเมลโล่ และคุกกี้รสช็อกโกแลต', '8.jpg', 'เครื่องดื่ม', '2019-04-23 20:57:59', '2019-04-23 20:57:59'),
(31, 2, 'แกงป่าปลากราย', 'ไม่ระบุ', '1. พริกแกงป่า 200 กรัม 2. เนื้อปลากราย 300 กรัม 3. มะเขือพวง 50 กรัม  4. มะเขือเปราะ 50 กรัม 5. พริกชี้ฟ้าแดง 50 กรัม 6. พริกไทยอ่อน 50 กรัม 7. ใบกะเพรา 70 กรัม 8. ใบมะกรูด 10 กรัม 9. ถั่วฝักยาว 50 กรัม 10. ข้าวโพดอ่อน 50 กรัม 11. กระชาย 50 กรัม 12. น้ำปลา 2 ช้อนโต๊ะ 13. น้ำตาลทราย 1 ช้อนชา 14. น้ำซุป 2 ถ้วยตวง', 'STEP 1 : เตรียมเนื้อปลา - นำพริกแกงเผ็ดมาผัดกับน้ำซุปเล็กน้อยพอให้น้ำซุปแห้ง - หลังจากนั้นใส่เนื้อปลากรายที่ขูดไว้ลงไปยีให้เป็นชิ้น ๆ ผัดให้พอสุก STEP 2 : ทำแกงป่าปลากราย - เติมน้ำซุปลงไป ตามด้วยมะเขือพวง มะเขือเปราะ ถั่วฝักยาว และข้าวโพดใส่ลงไปในกระทะที่ผัดปลาให้ ต้มต่อสักครู่ - เมื่อผักที่ใส่ไปก่อนหน้านี้เริ่มสุก ให้ใส่พริกชี้ฟ้าแดง พริกไทยอ่อน ใบมะกรูด ใบกะเพรา และกระชายลงไป ปรุงรสด้วยน้ำปลา และน้ำตาลทราย คนทุกอย่างให้เข้ากัน เมื่อเดือดอีกรอบให้ปิดไฟ STEP 3 : จัดเสิร์ฟ - ตักแกงป่าปลากรายที่เสร็จใส่ชาม ตกแต่งด้วยยอดใบกะเพรา และพริกชี้ฟ้าแดง เพียงเท่านี้แกงป่าปลากรายของเราก็พร้อมเสิร์ฟแล้วจ้า!', 'k3.jpg', 'อาหารคาว', '2019-04-23 22:52:36', '2019-04-23 22:52:36'),
(32, 2, 'ยำเห็ดออรินจิกุ้งสด', 'ไม่ระบุ', '1. เห็ดออรินจิสไลซ์ 200 กรัม 2. กุ้งสด 100 กรัม 3. พริกขี้หนูสับหยาบ 2 ช้อนโต๊ะ 4. น้ำปลา 1 ช้อนโต๊ะ 5. น้ำมะนาว 1 ช้อนโต๊ะ 6. น้ำตาล ½ ช้อนโต๊ะ 7. มะเขือเทศเชอร์รี 20 กรัม 8. ขึ้นฉ่าย 1 ช้อนโต๊ะ 9. ถั่วลิสงคั่ว ตามชอบ', 'STEP 1 : เตรียมของ - นำหม้อขึ้นตั้งไฟปานกลาง เทน้ำเปล่าลงไป จากนั้นใส่เห็ดออรินจิสไลซ์ลงไปลวก พอตักเห็ดออกแล้วก็นำกุ้งสดลงไปลวกต่อ TIP : พอกุ้งเปลี่ยนเป็นสีส้มให้ยกออกทันที เพราะถ้าลวกนานเกินไปจะทำให้เนื้อกุ้งแข็งค่ะ STEP 2 : ยำ - เทน้ำปลาลงในชาม ตามด้วยพริกขี้หนูสับหยาบ น้ำมะนาว และน้ำตาล คนให้เข้ากันจนน้ำตาลละลาย - ใส่กุ้งสดลวก เห็ดออรินจิลวก มะเขือเทศเชอร์รี และขึ้นฉ่ายลงไป คนให้เข้ากัน STEP 3 : จัดเสิร์ฟ - ตักใส่จาน และโรยถั่วลิสงคั่ว พร้อมเสิร์ฟค่ะ', 'k4.jpg', 'อาหารคาว', '2019-04-23 22:54:10', '2019-04-23 22:54:10'),
(33, 2, 'ข้าวหน้าเนื้อ', 'ไม่ระบุ', '1. เนื้อสไลซ์	100 กรัม 2. ข้าวสวย	120 กรัม 3. ไข่แดง	1 ฟอง 4. โชยุ	7 ช้อนโต๊ะ 5. มิริน	3 ช้อนโต๊ะ 6. สาเก	3 ช้อนโต๊ะ 7. น้ำตาลมะพร้าวป่น	3 ช้อนโต๊ะ 8. น้ำเปล่า 1 ถ้วยตวง 9. หอมใหญ่	½ หัว 10. ต้นหอมไทย	2 ต้น 11. งาขาวคั่ว	½ ช้อนชา', 'STEP 1 : ทำไข่ดองซีอิ๊ว - โดยแช่ไข่แดงในโชยุ 4 ช้อนโต๊ะ ทิ้งไว้ 30 นาที ในภาชนะที่มีฝาผิด หรือ Wrap ปิดไว้ใส่ในตู้เย็นไว้ก่อน STEP 2 : ทำข้าวหน้าซีอิ๊ว - ผสมโชยุ มิริน สาเก และน้ำตาลทราย อย่างละ 3 ช้อนโต๊ะ คนจนน้ำตาลละลาย แล้วเติมน้ำเปล่าลงไป 1 ถ้วยตวง ตั้งไฟจนงวดลง ให้เหลือน้ำซอสครึ่งหนึ่ง - ใส่หอมใหญ่หั่นชิ้นลงไปเคี่ยวจนหอมใหญ่สุกใส แล้วตามด้วยเนื้อสไลซ์ผัดจนเนื้อสุก  STEP 3 : จัดเสิร์ฟ - ตักข้าวใส่ถ้วย ตามด้วยเนื้อสไลซ์ และราดน้ำซอสตามให้ชุ่ม ๆ - ค่อย ๆ ใส่ไข่แดงแช่ซีอิ๊วที่เราทำไว้ลงไปข้าง ๆ แล้วโรยหน้าด้วยต้นหอมซอยและงาขาว เท่านี้ก็เสิร์ฟได้แล้วจ้า', 'k6.jpg', 'อาหารคาว', '2019-04-23 22:55:10', '2019-04-23 22:55:10'),
(34, 2, 'ข้าวกะเพรากุ้งไข่ระเบิด', 'ไม่ระบุ', '1. ไข่ไก่ 3 ฟอง  2. ซีอิ๊วขาว ½ ช้อนชา  3. กุ้งขาว 200 กรัม  4. พริกตำ 1 ช้อนโต๊ะ 5. ใบกะเพรา 1 กำ  6. กระเทียมตำ 1 ช้อนโต๊ะ  7. น้ำปลา 1 ช้อนชา  8. น้ำตาล 1 ช้อนชา', 'STEP 1 : ทอดไข่ - ตอกไข่ 2 ฟองใส่ชาม ปรุงรสด้วยซีอิ๊วขาว แล้วตีให้เข้ากัน - ตั้งกระทะใส่น้ำมัน แล้วรอให้ร้อน เทไข่ที่เจียวไว้ลงไป ทอดให้พอสุก ตอกไข่อีกฟองลงไปตรงกลาง ทอดจนสุกแล้วตักขึ้นพักไว้ STEP 2 : ผัดกะเพรา - ตั้งกระทะอีกใบ ใส่น้ำมันเล็กน้อย ผัดกระเทียม และพริก ให้ส่งกลิ่นหอม - ใส่กุ้งลงไปผัด ปรุงรสด้วยน้ำปลา และน้ำตาล ผัดจนกุ้งสุก โรยใบกะเพราลงไป ผัดอีกเล็กน้อย แล้วตักขึ้น STEP 3 : ราดข้าว - นำไข่ที่ทอดไว้โปะลงบนข้าว แล้วราดด้วยกะเพรากุ้ง เท่านี้ก็พร้อมอร่อย!', 'k10.jpg', 'อาหารคาว', '2019-04-23 22:56:17', '2019-04-23 22:56:17'),
(35, 2, 'ข้าวอบจักรพรรดิ', 'ไม่ระบุ', '1. ข้าวกล้อง 3 ถ้วยตวง  2. กุ้งขาว 10 ตัว  3. กุนเชียงหั่นเต๋า 1 เส้น  4. แฮมหั่นเต๋า 4 แผ่น  5. แครอทหั่นเต๋าเล็ก ½ หัว  6. ถั่วลันเตา ¼ ถ้วยตวง  7. เห็ดหอม 4 ดอก  8. แปะก๊วย ½ ถ้วยตวง  9. ขิงฝาน 1 แง่ง  10. รากผักชี 2 ราก  11. กระเทียมสับ 1 ช้อนโต๊ะ  12. ผงปรุงรส รสหมู คนอร์ เนเชอรัล 1½ ช้อนโต๊ะ 13. ซีอิ๊วขาว 1½ ช้อนโต๊ะ  14. ซีอิ๊วดำ ½ ช้อนโต๊ะ  15. พริกไทย 1 ช้อนชา  16. น้ำมันพืช 2 ช้อนโต๊ะ  17. น้ำเปล่า สำหรับหุงข้าว', 'STEP 1 : ผัด - ตั้งกระทะ ใส่น้ำมันพืชลงไป ตั้งไฟให้ร้อน ใส่กุนเชียงลงไปผัดให้พอเปลี่ยนสี ตามด้วยกระเทียม ผัดให้หอม แล้วใส่แฮมลงไป ผัดให้เข้ากันเล็กน้อย - ใส่ แครอท ถั่วลันเตา และแปะก๊วยตามลงไป ผัดให้เข้ากันอีกครั้ง แล้วตามด้วยกุ้ง และเห็ดหอม ผัดให้กุ้งพอสุก แล้วจึงตักกุ้ง และเห็ดหอม ออกพักไว้ เตรียมสำหรับจัดเสิร์ฟ - ใส่ข้าวกล้องลงไป ผัดให้เข้ากัน ปรุงรสด้วย ผงปรุงรส รสหมู คนอร์ เนเชอรัล ซีอิ๊วขาว พริกไทย และพริกไทย คลุกเคล้าให้เข้ากัน STEP 2 : หุง - ใส่ขิง และรากผักชีลงในหม้อหุงข้าว แล้วตักข้าวที่ผัดเอาไว้ลงไป ใส่น้ำเปล่าลงไป ปิดฝาหม้อ กดหุง แล้วรอจนข้าวสุก STEP 3 : จัดเสิร์ฟ - เมื่อข้าวสุก ตักขึ้นใส่ภาชนะสำหรับเสิร์ฟ นำกุ้ง และเห็ดหอมที่ผัดไว้ตอนแรก มาเรียงด้านหน้าให้สวยงาม พร้อมรับประทาน!', 'k7.jpg', 'อาหารคาว', '2019-04-23 22:57:58', '2019-04-23 22:57:58'),
(36, 2, 'แกงส้มมะรุมกุ้ง', 'ไม่ระบุ', '1. กุ้งผ่าหลัง 100 กรัม  2. มะรุมหั่นท่อน 350 กรัม 3. พริกขี้หนูแห้ง 7 เม็ด  4. หอมแดงซอย 60 กรัม 5. กะปิ 1 ช้อนโต๊ะ  6. น้ำเปล่า 4 ถ้วยตวง  7. น้ำปลา 2 ช้อนโต๊ะ  8. น้ำมะขามเปียก 2 ช้อนโต๊ะ  9. น้ำตาลทราย 2 ช้อนโต๊ะ', 'STEP 1 : ตำพริกแกงส้ม - นำพริกขี้หนูแห้งไปแช่น้ำให้พอนิ่ม - โขลกพริกขี้หนูแห้งที่แช่น้ำไว้ ตามด้วยหอมแดง และกะปิ ให้พอละเอียดพักไว้ STEP 2 : ทำแกงส้มมะรุมกุ้ง - ต้มน้ำเปล่า แล้วใส่พริกแกงส้มที่โขลกไว้ รอให้น้ำพอเดือด ค่อยใส่มะรุมลงไป - พอมะรุมเริ่มสุก ให้ปรุงรสด้วยน้ำปลา น้ำมะขามเปียก และน้ำตาลทราย คนพอให้ทุกอย่างเข้ากัน ใส่กุ้งตามลงไป รอให้กุ้งพอสุก ปิดไฟ STEP 3 : จัดเสิร์ฟ - ตักแกงส้มมะรุมกุ้งใส่ชาม กินคู่กับข้าวสวยร้อน ๆ เพียงเท่านี้ “แกงส้มมะรุมกุ้ง” ของเราก็พร้อมรับประทานแล้วค่า!', 'k8.jpg', NULL, '2019-04-23 22:59:15', '2019-04-23 22:59:15'),
(37, 2, 'ข้าวอบต้มยำกุ้ง', 'ไม่ระบุ', '1. ข้าวหอมมะลิซาว 3 ถ้วย 2. กุ้งขาว 12 ตัว  3. เห็ดนางฟ้าภูฐาน 50 กรัม  4. น้ำ 2½ ถ้วย  5. ข่าหั่นแว่นบาง 5 แว่น  6. ตะไคร้หั่นท่อน 1 ต้น  7. คนอร์ ต้มยำก้อน 1 ก้อน  8. ใบมะกรูดฉีก 3 ใบ  9. พริกขี้หนูแดงซอย 5 เม็ด  10. ผักชีฝรั่งซอย สำหรับโรยหน้า  11. มะนาวฝาน สำหรับตกแต่ง', 'STEP 1 : ต้มน้ำซุป - ใส่ คนอร์ ต้มยำก้อน ข่า และตะไคร้ ลงในหม้อ แล้วเทน้ำตามลงไป ปิดหม้อซักครู่ให้น้ำเดือดจนส่งกลิ่นหอม STEP 2 : หุงข้าว - ใส่ข้าว เห็ดนางฟ้า กุ้ง และใบมะกรูดลงไป ปิดฝาหม้อหุงข้าว กดปุ่มหุง แล้วรอจนสุก  STEP 3 : จัดเสิร์ฟ - ตักข้าวใส่จาน โรยด้วยผักชีฝรั่ง และพริกขี้หนู แล้วตกแต่งด้วยมะนาวฝาน พร้อมอร่อย!', 'k5.jpg', 'อาหารคาว', '2019-04-23 23:00:22', '2019-04-23 23:00:22'),
(38, 2, 'ข้าวต้มมัด', 'ไม่ระบุ', '1. ข้าวเหนียวเขี้ยวงูแช่น้ำ 1 ถ้วย  2. กะทิ 650 มิลลิลิตร 3. น้ำตาลทราย 150 กรัม  4. เกลือสมุทร 1 ช้อนชา 5. ใบเตย 2 ใบ 6. ถั่วดำต้มสุก ¼ ถ้วย 7. กล้วยน้ำว้า 1 หวี', 'STEP 1 : เตรียมกล้วย - ปลอกกล้วยน้ำว้า - หั่นเป็นสองส่วน หรือสี่ส่วนตามใจชอบ TIP : แช่น้ำเปล่าผสมน้ำมะนาว จะช่วยให้กล้วยไม่ดำ STEP 2 : ผัดข้าว - นำหม้อขึ้นตั้งไฟเบา เทกะทิลงไป ตามด้วยใบเตย และรอจนเดือด - ใส่ข้าวเหนียวเขี้ยวงูแช่ลงไป ผัดจนข้าวเกือบสุก และเหลือน้ำกะทิขลุกขลิก TIP : ผัดข้าวไปทางเดียวกัน จะช่วยให้เม็ดข้าวไม่หัก STEP 3 : ห่อ - ตัดใบตองเป็น 2 แผ่น โดยใบตองแผ่นแรก ตักข้าวใส่ลงไปประมาณ 1 ช้อนโต๊ะ ตามด้วยกล้วยน้ำว้า 1 ส่วน และถั่วดำเล็กน้อย ม้วนพับใบตองประกบกัน - นำใบตองแผ่นที่สองมาห่อทับ โดยเอาด้านตะเข็บของใบตองอันแรกลงไป ม้วน และพับหัวท้ายเข้าหากัน - จากนั้นนำข้าวต้มมัด 2 ชิ้นมาประกบกัน และมัดด้วยตอกให้แน่น ทำจนครบทุกชิ้น - นำเรียงบนลังถึง และนึ่งจนสุก ใช้เวลาประมาณ 25 นาที - พร้อมเสิร์ฟจ้า', 'w2.jpg', 'อาหารหวาน', '2019-04-23 23:05:13', '2019-04-23 23:05:13'),
(39, 2, 'แตงโมปลาแห้ง', 'ไม่ระบุ', '1. ปลาช่อนแดดเดียว 200 กรัม  2. หอมแดง 200 กรัม  3. น้ำตาลทราย 90 กรัม  4. แตงโม 1 ลูก 5. น้ำมันพืชสำหรับทอด', 'STEP 1 : เจียวหอม - ซอยหอมแดง - นำไปเจียวจนเหลืองกรอบ STEP 2 : ทำปลาแห้ง - นำปลาช่อนแดดเดียวย่างบนกระทะจนสุก แกะเนื้อ ไม่เอาหนังละก้าง - โขลกให้ละเอียด และนำไปคั่วจนแห้ง และเหลือง - ใส่หอมเจียว และน้ำตาลทรายลงไป คนให้เข้ากัน STEP 3 : จัดเสิร์ฟ - ตักแตงโมใส่จาน และโรยปลาแห้ง - พร้อมเสิร์ฟจ้า', 'w3.jpg', 'อาหารหวาน', '2019-04-23 23:06:04', '2019-04-23 23:06:04'),
(40, 2, 'ลูกชุบน้ำพริกกะปิ', '1. กระทะทองเหลือง หรือ กระทะเทฟลอนก้นลึก 2. พายไม้ หรือ พายยาง 3. เครื่องปั่น 4. หม้อ 5. ไม้ปลายแหลม 6. โฟมที่ห่อด้วยใบตอง หรือห่อด้วยแผนฟิล์มถนอมอาหาร 7. พู่กัน 8. มีดเล็ก', '1. ไร่ทิพย์ ถั่วเขียวเราะเปลือก 300 กรัม  2. กะทิอบควันเทียน 400 มิลลิลิตร  3. น้ำตาลทราย (สำหรับเนื้อขนม) 250 กรัม  4. ผงวุ้น 8 กรัม 5. น้ำเปล่า 1,000 มิลลิลิตร  6. น้ำตาลทราย (สำหรับวุ้นเคลือบ) 100 กรัม  7. กลิ่นมะลิ 1/2 ช้อนชา  8. สีผสมอาหาร ตามชอบ', 'STEP 1 : เตรียมถั่วเขียวเราะเปลือก (เนื้อขนม) - นำ ไร่ทิพย์ ถั่วเขียวเราะเปลือก ล้างด้วยน้ำสะอาด ประมาณ 6-7 ครั้ง จากนั้นแช่ถั่วในน้ำ 2 ชั่วโมง แล้วนำมานึ่งในลังถึงเป็นเวลา 45 นาที - นำถั่วที่นึ่งเสร็จเรียบร้อยแล้วมาปั่นรวมกับกะทิและน้ำตาลทรายให้ละเอียด TIP : หากรู้สึกว่าหนืดจนปั่นยากให้เติมน้ำหรือหางกะทิเล็กน้อยเพื่อช่วยให้ปั่นง่ายขึ้น - ถั่วที่ปั่นแล้วเทลงในกระทะทองเหลือง แล้วนำไปตั้งบนไฟอ่อน กวนถั่วไปในทิศทางเดียวกันอย่างสม่ำเสมอ คอยปาดถั่วด้านขอบกระทะเพื่อให้กวนทั่วถึงกัน TIP : หากใช้ไฟแรง กะทิที่อยู่ในส่วนผสมอาจแตกมันได้ - หากกวนขนมแล้วมีถั่วไหม้ติดก้นกระทะให้รีบเปลี่ยนกระทะทันที เพราะจะทำให้ขนมมีกลิ่นเหม็นไหม้ และมีเศษไหม้อยู่ในเนื้อขนม - เมื่อกวนถั่วได้ที่ ถั่วจะจับตัวเป็นเนื้อเดียวกันไม่ติดกระทะ จากนั้นเทพักไว้ในถาดจนถั่วหายร้อน เพื่อนำไปปั้นในขั้นตอนต่อไป  STEP 2 : ปั้น + ชุบ - แช่ผงวุ้นไว้ในน้ำเปล่า ประมาณ 20 - 30 นาที จากนั้นนำมาตั้งบนไฟอ่อน เคี่ยวจนกว่าผงวุ้นละลายหมด เมื่อวุ้นละลายให้ใส่น้ำตาลทรายและกลิ่นมะลิลงไป เคี่ยวจนน้ำตาลละลายและเป็นสีใส ให้ตั้งไฟอ่อนไว้จนกว่าจะทำการชุบแล้วค่อยยกออกจากไฟ TIP : หากเคี่ยวผงวุ้นไม่ละลาย วุ้นที่เคลือบตัวขนมอาจไม่ใสและเกิดฟองอากาศได้ - ปั้นถั่วให้เป็นรูปผักหรือผลไม้ตามชอบ ก่อนจะปั้นให้นวดก่อนเพื่อให้เนื้อขนมเนียนเป็นเนื้อเดียวกันและปั้นง่ายขึ้น - ทาสีผสมอาหารลงบนลูกชุบให้สมจริง จากนั้นนำมาเสียบไม้ปลายแหลมและปักพักไว้บนโฟม - นำถั่วที่ปั้นและทาสีไว้เรียบร้อยมาชุบวุ้นที่เตรียมไว้ โดยวุ้นต้องอุ่นไม่ร้อนและไม่เย็นเกินไป จากนั้นนำถั่วที่ชุบวุ้นมาปักพักไว้บนโฟม รอให้วุ้นแห้งแล้วชุบวุ้นซ้ำอีกครั้ง TIP : พอปั้นถั่วเสร็จแล้วควรรีบชุบกับวุ้น เพราะหากพักไว้นานเกินไป ตัวขนมจะโดนอากาศและทำให้เกิดรอยแตกได้ - หากวุ้นร้อนเกินไปวุ้นจะไม่เกาะตัวขนมแต่จะไหลลงมาหมด และหากวุ้นเย็นเกินไปวุ้นจะจับตัวกันเป็นก้อนอยู่บนตัวเนื้อขนมได้ ทั้งนี้หากทิ้งไว้จนวุ้นเย็นเกินไปก็ให้นำไปตั้งไฟอ่อน ๆ อีกรอบให้พออุ่น TIP : หากชอบลูกชุบที่มีวุ้นหนาให้ชุบวุ้น 3 - 4 ครั้ง แต่ถ้าหากชุบวุ้นหนาเกินไปจะทำให้เห็นสีของลูกชุบไม่ชัดเจนได้ STEP 3 : จัดเสิร์ฟ - เมื่อวุ้นเซ็ตตัวให้ใช้มีดเล็กตัดวุ้นส่วนเกินที่ติดอยู่ระหว่างตัวขนมกับไม้แหลมออกจากกัน นำลูกชุบจัดลงบนจานให้สวยงาม เท่านี้ก็พร้อมเสิร์ฟแล้วล่ะค่ะ เพื่อนๆจะกินลูกชุบคู่กับชาร้อนได้จ้า', 'w5.jpg', 'อาหารหวาน', '2019-04-23 23:07:03', '2019-04-23 23:07:03'),
(41, 2, 'บัวลอยดอกไม้', 'ไม่ระบุ', '1. แป้งข้าวเหนียว 150 กรัม  2. แป้งมันสำปะหลัง 2 ช้อนโต๊ะ 3. มันม่วงสุก 50 กรัม 4. น้ำเปล่า 1/4 ถ้วยตวง  5. แป้งข้าวเหนียว 150 กรัม  6. แป้งมันสำปะหลัง 2 ช้อนโต๊ะ  7. ฟักทองสุกหั่นชิ้น 50 กรัม  8. น้ำเปล่า 1/4 ถ้วยตวง  9. กะทิ 2 ถ้วยตวง  10. น้ำตาลโตนด 3 ช้อนโต๊ะ  12. น้ำตาลทราย 2 ช้อนโต๊ะ  13. เกลือ 1/4 ช้อนชา  14. ใบเตย 2 ใบ', 'STEP 1 : เตรียมแป้งบัวลอย + ต้มบัวลอย - เทแป้งข้าวเหนียวลงในชามผสม ตามด้วยแป้งมันสำปะหลัง และมันม่วงสุกหั่นชิ้น จากนั้นใช้มือนวดแป้งและมันบดให้เข้ากันเป็นเนื้อเดียว แล้วใส่น้ำเปล่าลงไปนวดให้แป้งติดกันและมีเนื้อสัมผัสที่นุ่มขึ้น เมื่อแป้งได้ที่แล้วใช้แร็ปคลุมเอาไว้ค่ะ - เทแป้งข้าวเหนียวลงในชามผสม ตามด้วยแป้งมันสำปะหลัง และฟักทองสุกหั่นชิ้น จากนั้นใช้มือนวดแป้งและมันบดให้เข้ากันเป็นเนื้อเดียว แล้วใส่น้ำเปล่าลงไปนวดให้แป้งติดกันและมีเนื้อสัมผัสที่นุ่มขึ้น เมื่อแป้งได้ที่แล้วใช้แร็ปคลุมเอาไว้ค่ะ - นำบัวลอยมันม่วงและบัวลอยฟักทองมาปั้นเป็นก้อนกลม ๆ โดยให้ขนาดของบัวลอยฟักทองมีขนาดใหญ่กว่าบัวลอยมันม่วง จากนั้นนำมาติดรวมกันให้เป็นรูปดอกไม้ (ใช้แป้งสีเหลือง 1 อัน ทำเป็นเกสร และแป้งสีม่วง 5 อันทำเป็นกลีบ สำหรับดอกไม้ 1 ดอก) - ตั้งน้ำให้เดือดจากนั้นใส่บัวลอยมันม่วงและบัวลอยฟักทองที่ตัดเอาไว้ลงไป  STEP 2 : เตรียมน้ำกะทิราด - เมื่อบัวลอยลอยตัวขึ้นบนน้ำให้ใช้ตะแกรงช้อนบัวลอยขึ้นจากน้ำเดือด TIP : นำบัวลอยที่ต้มเสร็จแล้วไปใส่ในน้ำเชื่อมเพื่อไม่ให้บัวลอยติดกัน - นำน้ำกะทิขึ้นตั้งไฟ เมื่อน้ำกะทิเริ่มร้อนแล้วให้ใส่น้ำตาลโตนด น้ำตาลทราย เกลือ และใบเตยลงไป คนให้เข้ากันจนน้ำกะทิร้อน ยกลงจากเตาเตรียมจัดเสิร์ฟได้เลย STEP 3 : จัดเสิร์ฟ - ตักบัวลอยดอกไม้ขึ้นจากน้ำเชื่อมแล้วใส่ลงในถ้วย จากนั้นราดกะทิลงไปในบัวลอย เท่านี้ก็พร้อมฟินแล้วล่ะจ้า', 'w6.jpg', 'อาหารหวาน', '2019-04-23 23:07:55', '2019-04-23 23:07:55'),
(42, 2, 'ซาหริ่มอัญชัน', 'ไม่ระบุ', '1. วุ้นเส้น 3 ห่อ  2. น้ำอัญชัน 2 ถ้วยตวง  3. น้ำตาลทราย	1 ¼ ถ้วยตวง  4. น้ำเปล่า 1 ถ้วยตวง  5. ใบเตย 2 มัด  6. กะทิ 1 ถ้วยตวง', 'STEP 1 : แช่วุ้นเส้น + ลวกเส้น - นำวุ้นเส้นใส่ลงในชามผสม ตามด้วยน้ำอัญชันโดยแช่ทิ้งไว้เป็นเวลา 30 นาที เพื่อให้วุ้นเส้นดูดสีของอัญชัน - เมื่อครบ 30 นาทีแล้ว นำวุ้นเส้นขึ้นจากน้ำอัญชัน แล้วนำไปลวกในน้ำเดือดเพื่อให้เส้นนิ่มขึ้น เป็นเวลา 3 นาที นำวุ้นเส้นขึ้นจากน้ำร้อน ไปแช่ในน้ำเย็นให้เส้นคลายความร้อน STEP 2 : ทำน้ำเชื่อม + ม้วนเส้นซาหริ่ม  - ตั้งหม้อบนเตาแก๊สโดยใช้ไฟปานกลาง นำน้ำเปล่าใส่ลงไป ตามด้วยน้ำตาลทรายคนให้เข้ากันก่อน เมื่อน้ำเชื่อมเริ่มงวดและหนืดขึ้นแล้ว ยกลงจากเตาพักให้เย็น เตรียมจัดเสิร์ฟได้เลยค่ะ - จับเส้นขึ้นมาม้วนเป็นคำ ๆ พักไว้เพื่อนำไปจัดเสิร์ฟ  STEP 3 : จัดเสิร์ฟ - นำเส้นซาหริ่มอัญชันใส่ลงถ้วยที่ต้องการจัดเสิร์ฟ จากนั้นราดน้ำเชื่อมลงไป ตามด้วยน้ำกะทิ ตกแต่งด้วยใบเตยและดอกอัญชัน เท่านี้ก็พร้อมฟินแล้วล่ะจ้า', 'w7.jpg', 'อาหารหวาน', '2019-04-23 23:08:45', '2019-04-23 23:08:45'),
(43, 2, 'ขนมครกชาววัง', 'ไม่ระบุ', 'วัตถุดิบแป้งขนมครก 1. แป้งข้าวเจ้า	500 กรัม 2. แป้งอเนกประสงค์	150 กรัม  3. ผงฟู	15 กรัม 4. น้ำตาลปี๊บ	1 ช้อนโต๊ะ  5. เกลือ	½  6. น้ำสะอาด	1.5 ลิตร  7. น้ำมันพืช (สำหรับทาเตาขนมครก) 1 ช้อนโต๊ะ  วัตถุดิบหน้ากะทิ 1. กะทิ	500 กรัม  2. น้ำตาลทราย	150 กรัม  3. เกลือ	2 ช้อนชา  วัตถุดิบเครื่องขนมครก (ปริมาณและชนิดปรับได้ตามชอบ) 1. ต้นหอม  2. มันหวาน  3. มันม่วง  4. ฟักทอง 5. งาคั่ว  6. ฝอยทอง  7. ลูกเกด  8. กล้วยตาก 9. ลูกเดือย  10. ข้าวโพด', 'STEP 1 : เตรียมแป้งขนมครก - ผสมแป้งข้าวเจ้า แป้งอเนกประสงค์ ผงฟู น้ำตาลปี๊บ เกลือ เข้าด้วยกัน - ค่อย ๆ ใส่น้ำสะอาดลงไปทีละน้อย คนส่วนผสมให้เข้ากันดี แล้วพักไว้ STEP 2 : เตรียมหน้ากะทิ - ผสมกะทิ น้ำตาลทราย เกลือ คนให้เข้ากัน นำไปพักไว้ STEP 3 : ทำขนมครก และจัดเสิร์ฟ - เปิดเตาขนมครก ใช้ไฟร้อนปานกลาง ทาน้ำมันให้ทั่วทุกหลุม จากนั้นหยอดแป้งลงไปในหลุมให้เหลือขอบเล็กน้อย ตามด้วยหยอดหน้ากะทิลงไป แล้วปิดฝาไว้สักครู่ TIP : - เมื่อหยอดแป้งแล้วให้รีบหยอดกะทิเพื่อให้กะทิได้ผสมกับแป้งเล็กน้อยแต่ด้านบนยังเป็นชั้นกะทิหอมมันอยู่ - เมื่อขนมครกเริ่มสุกให้โรยเครื่องขนมครกลงไปตามชอบ แล้วปิดฝาอีกครั้ง - รอจนแป้งขนมครกเป็นสีน้ำตาลสวยจึงใช้ช้อนแคะขนมครกออกจากหลุม จัดเสิร์ฟพร้อมรับประทานได้เลยค่า', 'w8.jpg', 'อาหารหวาน', '2019-04-23 23:09:39', '2019-04-23 23:09:39'),
(44, 2, 'กล้วยฉาบ', 'ไม่ระบุ', '1. กล้วยน้ำว้าดิบ 1 หวี 2. น้ำตาลทราย 400 กรัม 3. เกลือ ½ ช้อนชา 4. น้ำเปล่า 1 ลิตร 5. ใบเตย 5 ใบ 6. น้ำมัน สำหรับทอด', 'STEP 1 : เตรียมกล้วย - ทำการปลอกกล้วยน้ำว้าแช่ลงในน้ำ ใส่เกลือตามลงไป ทิ้งไว้ 5 นาทีค่ะ - พอครบเวลา นำกล้วยขึ้นมาพักไว้ให้สะเด็ดนำค่ะ - หลังจากนั้นนไกล้วยน้ำว้าฝานบาง ๆ วางเรียงไว้ค่ะ STEP 2 : ทอดกล้วย - เมื่อฝานกล้วยเสร็จแล้ว ตั้งกระทะใส่น้ำมัน ใช้ไฟร้อนจัดเลยค่ะ รอจนน้ำมันเดือดได้ที่ นำกล้วยที่ฝานแล้วทยอยใส่ลงไปค่ะ - หมั่นคน และพลิกชิ้นกล้วยกลับไปมาให้กล้วยถูกความร้อนสม่ำเสมอกัน จนกรอบ เมื่อกล้วยเริ่มสุกเหลืองได้ที่ ตักขึ้นให้สะเด็ดน้ำมัน วางพักไว้ค่ะ TIP : เคล็ดลับไม่ให้กล้วยติดกันเวลาทอดนะคะ เวลาทอดควรแยกกล้วยออกเป็นแผ่น ๆ ค่ะ และไม่ควรทอดกล้วยทีละมาก ๆ ค่ะ STEP 3 : ทำการฉาบ - ตั้งกระทะไฟกลาง ใส่น้ำเปล่า น้ำตาล เกลือ และใบเตยลงไปค่ะ ต้มจนน้ำตาลละลาย และเคี่ยวต่ออีกสักครู่จนน้ำตาลเหนียวเป็นเส้นค่ะ - ใส่กล้วยที่ทอดไว้แล้วลงไปในกระทะน้ำเชื่อม คลุกเคล้าเบา ๆ ให้น้ำเชื่อมจับชิ้นกล้วยให้ทั่วถึงกันค่ะ - เสร็จแล้วพักไว้จนเย็นนะคะ และรอให้น้ำเชื่อมเกาะตัวกล้วยแห้งสนิท จึงจัดเก็บใส่ภาชนะที่ปิดได้สนิทค่า TIP : กล้วยฉาบที่ดี ควรจะกรอบ สีเหลืองสวยอ่อนสม่ำเสมอ และควรจะมีน้ำตาลฉาบที่ชิ้นกล้วยบาง ๆ นะคะ   STEP 4 : จัดเสิร์ฟ - นำกล้วยฉาบจัดใส่จาน ให้สวยงาม พร้อมเสิร์ฟได้เลยค่า', '9.jpg', 'อาหารหวาน', '2019-04-23 23:10:35', '2019-04-23 23:10:35'),
(45, 2, 'ฝอยทอง', 'ไม่ระบุ', '1. ไข่ไก่ 30 ฟอง 2. น้ำตาลทรายขาว 1000 กรัม 3. ใบเตย 5 ใบ 4. น้ำเปล่า 1 ลิตร 5. กรวยใบตอง', 'STEP 1 : เตรียมไข่ - ตอกไข่ใส่ชามใหญ่ ๆ อย่างเบามือค่ะ ระวังอย่าให้ไข่แดงแตก - ระหว่างในเวลาตอกไข่ค่ะ ให้แยกน้ำค้างไข่ออกต่างหากนะคะ (น้ำค้างไข่คือ ไข่ขาวส่วนที่เป็นน้ำใส ๆ ค่ะ) -แยกไข่แดงออกใส่ภาชนะ รองด้วยผ้าขาวบาง เมื่อแยกไข่แดงออกแล้ว ให้รีดเยื่อที่หุ้มไข่แดงออกโดยการบิดผ้าขาวบางให้ไข่แดงไหลผ่านผ้าขาวบางลงมาค่ะ - เมื่อกรองไข่แดงแล้ว ให้นำน้ำค้างไข่ใส่เติมลงไป 5 ช้อนโต๊ะ คนให้เข้ากัน TIP : - น้ำค้างไข่ จะช่วยให้ได้รสสัมผัสที่นุ่มนวลขี้นค่ะ - ไข่ไก่ ควรใช้ไข่ที่สดใหม่ เพราะจะทำให้เส้นฝอยทองกลมสวย STEP 2 : ทำน้ำเชื่อม - ตั้งหม้อใส่น้ำเปล่า ตามด้วยน้ำตาลทรายขาวลงไปค่ะ - หลังจากนั้นใส่ใบเตย รอจนน้ำเชื่อมเดือดได้ที่ นำใบเตยขึ้นเลยค่ะ TIP : ระหว่างที่ใส่น้ำตาลลงไปในน้ำเปล่า ห้ามคนนะคะ รอให้น้ำเดือดจนน้ำตาลละลายไปเองค่ะ STEP 3 : เตรียมกรวย + โรยไข่ - นำใบตองมาทำเป็นกรวย ม้วนให้ได้รูเล็ก ๆ จะได้เส้นฝอยทองที่สวยค่ะ ใช้ไม้จิ้มฟันกลัดไว้ค่ะ - เมื่อได้กรวยใบตองแล้ว ตักส่วนผสมไข่แดงใส่ลงในกรวย โดยใช้นิ้วอุดรูไว้นะคะ เตรียมโรยลงในน้ำเชื่อมที่เดือด ๆ - น้ำเชื่อมควรใช้ไฟแรงนะคะ เพื่อให้น้ำเชื่อมเดือดตรงกลางกระทะค่ะ เวลาโรยไข่แดงลงไป น้ำเชื่อมที่เดือดจะดันไข่แดงตีวงออกไปที่ขอบกระทะค่ะ ทำให้เส้นที่โรยใหม่ไม่ทับกันค่ะ - เวลาโรยให้โรยเป็นวงกลมค่ะ ประมาณ 20-25 รอบ เมื่อได้เส้นตามที่ต้องการแล้ว ใช้ตะเกียบหรือไม้ปลายแหลม ค่อย ๆ เกี่ยวเส้นที่สุกแล้วพับเป็นแพ พับกลับไปมาให้เป็นชั้น วนในน้ำเชื่อมไปมาเล็กน้อย - เสร็จแล้วให้วางเส้นฝอยทองพักไว้บนตะแกรง หรือภาชนะที่น้ำเชื่อมสามารถไหลได้ค่ะ STEP 4 : จัดเสิร์ฟ - เมื่อสะเด็ดน้ำเชื่อมออกหมดแล้ว ให้นำเส้นฝอยทองจับเป็นแพ ให้สวยงาม แค่นี้ก็พร้อมจัดเสิร์ฟได้แล้วค่ะ', '10.jpg', 'อาหารหวาน', '2019-04-23 23:11:30', '2019-04-23 23:11:30'),
(46, 2, 'ยำวุ้นเส้นหมูยอ', 'ไม่ระบุ', '1. วุ้นเส้น 100 กรัม\r\n2. หมูยอ 100 กรัม\r\n3. พริกแดงจินดา 30 กรัม\r\n4. ขึ้นฉ่าย 50 กรัม\r\n5. มะเขือเทศเชอร์รี่ 50 กรัม\r\n6. หอมใหญ่ 50 กรัม\r\n7. ถั่วลิสง 20 กรัม\r\n8. น้ำมะนาว 3 ช้อนโต๊ะ\r\n9. น้ำป1ลา 3 ช้อนโต๊ะ\r\n10. น้ำตาลทราย 1 ช้อนโต๊ะ\r\n11. น้ำเปล่าสำหรับลวกวุ้นเส้น 2 ถ้วยตวง', 'STEP 1 : เตรียมของ\r\n- นำวุ้นเส้นมาแช่น้ำประมาณ 10 นาที หลังจากนั้นนำไปลวกให้เส้นสุก\r\n- นำหมูยอมาหั่นให้เป็นแว่น แล้วนำมาหั่นครึ่งอีกครั้งหนึ่ง เตรียมไว้\r\n- นำถั่วลิสงมาคั่ว เตรียมไว้ \r\n\r\nSTEP 2 : ยำ\r\n- ปรุงรสชาติด้วยน้ำมะนาว น้ำปลา น้ำตาลทราย และพริกแดงจินดา คนจนทุกอย่างละลายเข้ากัน\r\n- ใส่วุ้นเส้น หมูยอ มะเขือเทศเชอร์รี่ และหอมใหญ่ คลุกเคล้าจนทุกอย่างเข้ากัน \r\n\r\nSTEP 3 : จัดเสิร์ฟ\r\n- นำยำวุ้นเส้นหมูยอที่คลุกเคล้าไว้มาจัดใส่จาน โรยด้วยถั่วลิสงคั่ว และขึ้นฉ่าย เพียงเท่านี้ “ยำวุ้นเส้นหมูยอ” ของเราก็พร้อมเสิร์ฟแล้วค่า!', 'k1.jpg', 'อาหารคาว', '2019-04-23 23:24:09', '2019-04-23 23:24:09'),
(47, 2, 'ต้มแซ่บหมูตุ๋น', 'ไม่ระบุ', '1. เนื้อหมูส่วนขา 500 กรัม \r\n2. กระดูกหมูต้มซุป 800 กรัม \r\n3. ข่า 3 แง่ง \r\n4. ตะไคร้ 1 ต้น \r\n5. ใบมะกรูด 3 ใบ \r\n6. เห็ดนางฟ้า 1 ถ้วย \r\n7. ใบโหระพา ½ ถ้วย \r\n8. หอมแดง 6 หัว \r\n9. มะนาว 2 ลูก \r\n10. พริกป่น 1 ช้อนโต๊ะ \r\n11. เกลือ 1 ช้อนชา \r\n12. น้ำปลา 1 ช้อนโต๊ะ \r\n13. พริกแห้งทอด 4 เม็ด \r\n14. ผักชีฝรั่งซอย 2 ช้อนโต๊ะ ', 'STEP 1 : ตุ๋น\r\n- ตั้งหม้อใส่น้ำ ใส่กระดูกหมูต้มซุป เนื้อหมูส่วนขา และเกลือลงไป ตั้งไฟให้เดือด คอยตักฟองออก เพื่อให้ได้น้ำซุปที่ใส แล้วตุ๋นทิ้งไว้ 1 ชั่วโมง\r\n\r\nSTEP 2 : ต้ม\r\n- ตักน้ำซุปที่ต้มไว้ และเนื้อหมูตุ๋น ใส่หม้ออีกใบ\r\n- ใส่ข่า ตะไคร้ ใบมะกรูด หอมแดง และเห็ดนางฟ้าลงไป ต้มจนเดือด ปรุงรสด้วยน้ำปลา แล้วยกขึ้น \r\n\r\nSTEP 3 : จัดเสิร์ฟ\r\n- ใส่ใบโหระพา ผักชีฝรั่ง พริกแห้ง พริกป่น และน้ำมะนาว ลงในชามสำหรับเสิร์ฟ\r\n- ตักต้มแซ่บที่ต้มไว้ลงในชาม คนให้เข้ากัน แล้วยกขึ้นจัดเสิร์ฟ', 'k2.jpg', 'อาหารคาว', '2019-04-23 23:29:57', '2019-04-23 23:29:57'),
(48, 3, 'ข้าวผัด', 'ไม่ระบุ', 'ข้าว', 'ผัดข้าว', 'k10.jpg', 'อาหารคาว', '2019-04-24 01:10:48', '2019-04-24 01:10:48');

-- --------------------------------------------------------

--
-- Table structure for table `users`
--

CREATE TABLE `users` (
  `id` bigint(20) UNSIGNED NOT NULL,
  `name` varchar(191) COLLATE utf8mb4_unicode_ci NOT NULL,
  `email` varchar(191) COLLATE utf8mb4_unicode_ci NOT NULL,
  `email_verified_at` timestamp NULL DEFAULT NULL,
  `password` varchar(191) COLLATE utf8mb4_unicode_ci NOT NULL,
  `avartar` varchar(191) COLLATE utf8mb4_unicode_ci NOT NULL DEFAULT 'default.jpg',
  `remember_token` varchar(100) COLLATE utf8mb4_unicode_ci DEFAULT NULL,
  `created_at` timestamp NULL DEFAULT NULL,
  `updated_at` timestamp NULL DEFAULT NULL
) ENGINE=InnoDB DEFAULT CHARSET=utf8mb4 COLLATE=utf8mb4_unicode_ci;

--
-- Dumping data for table `users`
--

INSERT INTO `users` (`id`, `name`, `email`, `email_verified_at`, `password`, `avartar`, `remember_token`, `created_at`, `updated_at`) VALUES
(1, 'Kritsana Prasit', 'kritsanathai8@gmail.com', NULL, '$2y$10$fX3v865XQ38GmzR72Dj6M.//vmvnimyzVuUoI8MNhekRppreTm/1G', 'default.jpg', NULL, '2019-04-23 18:11:42', '2019-04-23 18:11:42'),
(2, 'Apitchaya', 'apitchaya.pr.59@ubu.ac.th', NULL, '$2y$10$ciR9GKvq2tgC9vWNZwF0DuE0zcXaBBfhuAv7jrHgUUEdQBwJQFqv2', 'default.jpg', 'WtM7cPDWSbZzfDNTQIam2WGAPuR2VrmoB4na5xQcbAB07TlYuuZLPZkg85re', '2019-04-23 18:18:43', '2019-04-23 18:18:43'),
(3, 'Bank', 'kritsana@gmail.com', NULL, '$2y$10$B6Fj0YelzGWLY./sHHnJu.rjrLjXZKwh2o5mHW9f3vA8taBJQyIxG', 'default.jpg', NULL, '2019-04-24 01:09:20', '2019-04-24 01:09:20');

--
-- Indexes for dumped tables
--

--
-- Indexes for table `categories`
--
ALTER TABLE `categories`
  ADD PRIMARY KEY (`id`);

--
-- Indexes for table `comments`
--
ALTER TABLE `comments`
  ADD PRIMARY KEY (`id`);

--
-- Indexes for table `likes`
--
ALTER TABLE `likes`
  ADD PRIMARY KEY (`id`);

--
-- Indexes for table `migrations`
--
ALTER TABLE `migrations`
  ADD PRIMARY KEY (`id`);

--
-- Indexes for table `password_resets`
--
ALTER TABLE `password_resets`
  ADD KEY `password_resets_email_index` (`email`);

--
-- Indexes for table `posts`
--
ALTER TABLE `posts`
  ADD PRIMARY KEY (`id`);

--
-- Indexes for table `users`
--
ALTER TABLE `users`
  ADD PRIMARY KEY (`id`),
  ADD UNIQUE KEY `users_email_unique` (`email`);

--
-- AUTO_INCREMENT for dumped tables
--

--
-- AUTO_INCREMENT for table `categories`
--
ALTER TABLE `categories`
  MODIFY `id` bigint(20) UNSIGNED NOT NULL AUTO_INCREMENT;

--
-- AUTO_INCREMENT for table `comments`
--
ALTER TABLE `comments`
  MODIFY `id` int(10) UNSIGNED NOT NULL AUTO_INCREMENT, AUTO_INCREMENT=5;

--
-- AUTO_INCREMENT for table `likes`
--
ALTER TABLE `likes`
  MODIFY `id` int(10) UNSIGNED NOT NULL AUTO_INCREMENT;

--
-- AUTO_INCREMENT for table `migrations`
--
ALTER TABLE `migrations`
  MODIFY `id` int(10) UNSIGNED NOT NULL AUTO_INCREMENT, AUTO_INCREMENT=7;

--
-- AUTO_INCREMENT for table `posts`
--
ALTER TABLE `posts`
  MODIFY `id` bigint(20) UNSIGNED NOT NULL AUTO_INCREMENT, AUTO_INCREMENT=49;

--
-- AUTO_INCREMENT for table `users`
--
ALTER TABLE `users`
  MODIFY `id` bigint(20) UNSIGNED NOT NULL AUTO_INCREMENT, AUTO_INCREMENT=4;
COMMIT;

/*!40101 SET CHARACTER_SET_CLIENT=@OLD_CHARACTER_SET_CLIENT */;
/*!40101 SET CHARACTER_SET_RESULTS=@OLD_CHARACTER_SET_RESULTS */;
/*!40101 SET COLLATION_CONNECTION=@OLD_COLLATION_CONNECTION */;
